[
    {
        "id": 1,
        "title": "父親節",
        "content": "測試",
        "author": "samuel.huang",
        "timestamp": "2025-08-08T15:43:59.807479"
    },
    {
        "id": 2,
        "title": "yyyy",
        "content": "<h1> Test </h1>",
        "author": "samuel.huang",
        "timestamp": "2025-08-08T16:05:23.319480"
    },
    {
        "id": 3,
        "title": "FFF",
        "content": "FFFF",
        "author": "james_kang",
        "timestamp": "2025-08-08T17:00:42.132374"
    },
    {
        "id": 4,
        "title": "泡水爛果堆成山！彰化埔心金蜜芒果正值採收季 災損逾7成",
        "content": "<p>彰化縣埔心鄉「金蜜芒果」正值採收旺季，卻遇連日豪雨，導致多處果園積水，爛果堆積如山。果農無奈表示，損失估計約七成；火龍果情況同樣嚴重，連樹根都被泡爛。</p><h2>果園淹成游泳池！火龍果泡爛 果農欲哭無淚</h2><p><img src=\"https://s.yimg.com/ny/api/res/1.2/.QxNd2r9hB6AdRQQ2T_rlA--/YXBwaWQ9aGlnaGxhbmRlcjt3PTk2MDtoPTU0MDtjZj13ZWJw/https://media.zenfs.com/zh-tw/news_ttv_com_tw_433/bdde107e72112035c9f298bc27c68ca1\" height=\"540\" width=\"960\"></p>",
        "author": "samuel.huang",
        "timestamp": "2025-08-08T19:17:36.009970"
    }
]