{
  "板石咖啡廳": [
    {
      "rsvTime": "2025/08/06 10:30",
      "diningPeriod": "早午餐",
      "partonName": "陳 小姐",
      "phoneNumber": "+886933881585",
      "email": "-",
      "adults": "2",
      "kids": "0",
      "highchairs": "0",
      "table": "A2",
      "deposit": "-",
      "preOrder": "-",
      "rsvNoteFromPatron": "-",
      "rsvNote": "-",
      "rsvTags": "-",
      "guestTags": "-",
      "state": "已入座",
      "source": "host",
      "transferredFromWaitlist": "否",
      "contactName": "-",
      "contactEmail": "-",
      "contactPhoneNumber": "-",
      "createdTime": "2025/07/31 12:15",
      "updatedTime": "2025/08/06 10:28"
    },
    {
      "rsvTime": "2025/08/06 12:30",
      "diningPeriod": "早午餐",
      "partonName": "聯合報 小姐",
      "phoneNumber": "-",
      "email": "-",
      "adults": "4",
      "kids": "0",
      "highchairs": "0",
      "table": "A9, A10",
      "deposit": "-",
      "preOrder": "-",
      "rsvNoteFromPatron": "-",
      "rsvNote": "Meggie 一起用餐",
      "rsvTags": "-",
      "guestTags": "-",
      "state": "已入座",
      "source": "host",
      "transferredFromWaitlist": "否",
      "contactName": "-",
      "contactEmail": "-",
      "contactPhoneNumber": "-",
      "createdTime": "2025/08/06 10:23",
      "updatedTime": "2025/08/06 12:54"
    },
    {
      "rsvTime": "2025/08/06 12:30",
      "diningPeriod": "早午餐",
      "partonName": "簡 小姐",
      "phoneNumber": "+886988230828",
      "email": "-",
      "adults": "2",
      "kids": "0",
      "highchairs": "0",
      "table": "-",
      "deposit": "-",
      "preOrder": "-",
      "rsvNoteFromPatron": "-",
      "rsvNote": "-",
      "rsvTags": "-",
      "guestTags": "-",
      "state": "未入座",
      "source": "host",
      "transferredFromWaitlist": "否",
      "contactName": "-",
      "contactEmail": "-",
      "contactPhoneNumber": "-",
      "createdTime": "2025/08/06 12:39",
      "updatedTime": "2025/08/06 12:39"
    },
    {
      "rsvTime": "2025/08/06 16:29",
      "diningPeriod": "晚餐",
      "partonName": "鄧 先生",
      "phoneNumber": "-",
      "email": "-",
      "adults": "3",
      "kids": "0",
      "highchairs": "0",
      "table": "-",
      "deposit": "-",
      "preOrder": "-",
      "rsvNoteFromPatron": "-",
      "rsvNote": "-",
      "rsvTags": "-",
      "guestTags": "-",
      "state": "已入座",
      "source": "host",
      "transferredFromWaitlist": "否",
      "contactName": "-",
      "contactEmail": "-",
      "contactPhoneNumber": "-",
      "createdTime": "2025/08/06 16:29",
      "updatedTime": "2025/08/06 16:32"
    },
    {
      "rsvTime": "2025/08/07 11:30",
      "diningPeriod": "早午餐",
      "partonName": "吳 小姐",
      "phoneNumber": "+886952204571",
      "email": "-",
      "adults": "7",
      "kids": "0",
      "highchairs": "0",
      "table": "-",
      "deposit": "-",
      "preOrder": "-",
      "rsvNoteFromPatron": "-",
      "rsvNote": "用餐完喝飲料，有可能換桌喝飲料",
      "rsvTags": "-",
      "guestTags": "-",
      "state": "客人保留",
      "source": "host",
      "transferredFromWaitlist": "否",
      "contactName": "-",
      "contactEmail": "-",
      "contactPhoneNumber": "-",
      "createdTime": "2025/07/31 13:31",
      "updatedTime": "2025/08/06 10:15"
    },
    {
      "rsvTime": "2025/08/07 11:30",
      "diningPeriod": "早午餐",
      "partonName": "許Charlene",
      "phoneNumber": "+886935090716",
      "email": "lingandben@gmail.com",
      "adults": "4",
      "kids": "0",
      "highchairs": "0",
      "table": "-",
      "deposit": "-",
      "preOrder": "-",
      "rsvNoteFromPatron": "-",
      "rsvNote": "-",
      "rsvTags": "-",
      "guestTags": "-",
      "state": "客人取消",
      "source": "google-reserve",
      "transferredFromWaitlist": "否",
      "contactName": "-",
      "contactEmail": "-",
      "contactPhoneNumber": "-",
      "createdTime": "2025/08/05 23:18",
      "updatedTime": "2025/08/06 12:58"
    },
    {
      "rsvTime": "2025/08/07 12:00",
      "diningPeriod": "早午餐",
      "partonName": "李玉珮 小姐",
      "phoneNumber": "+886935874637",
      "email": "lyp460121@gmail.com",
      "adults": "2",
      "kids": "0",
      "highchairs": "0",
      "table": "-",
      "deposit": "-",
      "preOrder": "-",
      "rsvNoteFromPatron": "Purpose: 慶生",
      "rsvNote": "-",
      "rsvTags": "-",
      "guestTags": "-",
      "state": "客人保留",
      "source": "inline",
      "transferredFromWaitlist": "否",
      "contactName": "-",
      "contactEmail": "-",
      "contactPhoneNumber": "-",
      "createdTime": "2025/08/01 23:30",
      "updatedTime": "2025/08/06 10:11"
    },
    {
      "rsvTime": "2025/08/07 12:30",
      "diningPeriod": "早午餐",
      "partonName": "丁菱娟 小姐",
      "phoneNumber": "+886976080366",
      "email": "-",
      "adults": "3",
      "kids": "0",
      "highchairs": "0",
      "table": "-",
      "deposit": "-",
      "preOrder": "-",
      "rsvNoteFromPatron": "-",
      "rsvNote": "0806 來電預定 / 沛宜",
      "rsvTags": "沙發",
      "guestTags": "-",
      "state": "未入座",
      "source": "host",
      "transferredFromWaitlist": "否",
      "contactName": "-",
      "contactEmail": "-",
      "contactPhoneNumber": "-",
      "createdTime": "2025/08/06 14:30",
      "updatedTime": "2025/08/06 14:30"
    },
    {
      "rsvTime": "2025/08/07 13:45",
      "diningPeriod": "早午餐",
      "partonName": "陳秋君 小姐",
      "phoneNumber": "+886916409539",
      "email": "iloveu330@gmail.com",
      "adults": "8",
      "kids": "0",
      "highchairs": "0",
      "table": "-",
      "deposit": "-",
      "preOrder": "-",
      "rsvNoteFromPatron": "Purpose: 商務聚餐",
      "rsvNote": "-",
      "rsvTags": "-",
      "guestTags": "-",
      "state": "已通知",
      "source": "inline",
      "transferredFromWaitlist": "否",
      "contactName": "-",
      "contactEmail": "-",
      "contactPhoneNumber": "-",
      "createdTime": "2025/08/06 16:01",
      "updatedTime": "2025/08/06 16:01"
    },
    {
      "rsvTime": "2025/08/07 15:30",
      "diningPeriod": "早午餐",
      "partonName": "LiuRani",
      "phoneNumber": "+886970138579",
      "email": "yiyun579@gmail.com",
      "adults": "2",
      "kids": "0",
      "highchairs": "0",
      "table": "-",
      "deposit": "-",
      "preOrder": "-",
      "rsvNoteFromPatron": "-",
      "rsvNote": "-",
      "rsvTags": "-",
      "guestTags": "-",
      "state": "客人保留",
      "source": "google-reserve",
      "transferredFromWaitlist": "否",
      "contactName": "-",
      "contactEmail": "-",
      "contactPhoneNumber": "-",
      "createdTime": "2025/08/05 15:21",
      "updatedTime": "2025/08/06 11:45"
    },
    {
      "rsvTime": "2025/08/08 15:30",
      "diningPeriod": "早午餐",
      "partonName": "江佳璐 小姐",
      "phoneNumber": "+886937819160",
      "email": "-",
      "adults": "3",
      "kids": "0",
      "highchairs": "0",
      "table": "-",
      "deposit": "-",
      "preOrder": "-",
      "rsvNoteFromPatron": "Purpose: 商務聚餐",
      "rsvNote": "-",
      "rsvTags": "-",
      "guestTags": "-",
      "state": "客人取消",
      "source": "inline",
      "transferredFromWaitlist": "否",
      "contactName": "-",
      "contactEmail": "-",
      "contactPhoneNumber": "-",
      "createdTime": "2025/07/31 19:54",
      "updatedTime": "2025/08/02 17:12"
    },
    {
      "rsvTime": "2025/08/08 15:30",
      "diningPeriod": "早午餐",
      "partonName": "江佳璐 小姐",
      "phoneNumber": "+886937819160",
      "email": "-",
      "adults": "3",
      "kids": "0",
      "highchairs": "0",
      "table": "-",
      "deposit": "-",
      "preOrder": "-",
      "rsvNoteFromPatron": "Purpose: 朋友聚餐",
      "rsvNote": "-",
      "rsvTags": "-",
      "guestTags": "-",
      "state": "未入座",
      "source": "inline",
      "transferredFromWaitlist": "否",
      "contactName": "-",
      "contactEmail": "-",
      "contactPhoneNumber": "-",
      "createdTime": "2025/08/02 7:37",
      "updatedTime": "2025/08/02 7:37"
    },
    {
      "rsvTime": "2025/08/08 19:30",
      "diningPeriod": "晚餐",
      "partonName": "Kang Devin",
      "phoneNumber": "+886901326958",
      "email": "devin.devin.dk@gmail.com",
      "adults": "4",
      "kids": "0",
      "highchairs": "0",
      "table": "-",
      "deposit": "-",
      "preOrder": "-",
      "rsvNoteFromPatron": "-",
      "rsvNote": "-",
      "rsvTags": "-",
      "guestTags": "-",
      "state": "未入座",
      "source": "google-reserve",
      "transferredFromWaitlist": "否",
      "contactName": "-",
      "contactEmail": "-",
      "contactPhoneNumber": "-",
      "createdTime": "2025/08/04 1:03",
      "updatedTime": "2025/08/04 1:03"
    }
  ],
  "北馥樓": [
    {
      "rsvTime": "2025/08/06 11:30",
      "diningPeriod": "早午餐",
      "partonName": "何彥升 先生",
      "phoneNumber": "+886939134358",
      "email": "-",
      "adults": "2",
      "kids": "0",
      "highchairs": "0",
      "table": "A1, A2",
      "deposit": "-",
      "preOrder": "-",
      "rsvNoteFromPatron": "-",
      "rsvNote": "0806 來電預定，已告知沒有烤鴨 / 沛宜",
      "rsvTags": "-",
      "guestTags": "-",
      "state": "已入座",
      "source": "host",
      "transferredFromWaitlist": "否",
      "contactName": "-",
      "contactEmail": "-",
      "contactPhoneNumber": "-",
      "createdTime": "2025/08/06 10:25",
      "updatedTime": "2025/08/06 11:34"
    },
    {
      "rsvTime": "2025/08/06 12:00",
      "diningPeriod": "早午餐",
      "partonName": "鈺登科技-孫 小姐",
      "phoneNumber": "+886909810902",
      "email": "wenwen0902@hotmail.com",
      "adults": "8",
      "kids": "0",
      "highchairs": "0",
      "table": "申",
      "deposit": "-",
      "preOrder": "-",
      "rsvNoteFromPatron": "安靜位子 or 包廂~ 謝謝!",
      "rsvNote": "0806 來電取消東坡肉 / 沛宜 0801 已下另配單點 烤鴨二吃*1 / lala 0730 安排包廂免低/人數是8-9 電話是羅小姐 / lala",
      "rsvTags": "-",
      "guestTags": "-",
      "state": "已入座",
      "source": "google-reserve",
      "transferredFromWaitlist": "否",
      "contactName": "-",
      "contactEmail": "-",
      "contactPhoneNumber": "-",
      "createdTime": "2025/07/30 16:08",
      "updatedTime": "2025/08/06 12:50"
    },
    {
      "rsvTime": "2025/08/06 12:30",
      "diningPeriod": "早午餐",
      "partonName": "林潔苹 小姐",
      "phoneNumber": "+886952171514",
      "email": "jjaammiiee1225@icloud.com",
      "adults": "5",
      "kids": "0",
      "highchairs": "0",
      "table": "B6",
      "deposit": "-",
      "preOrder": "-",
      "rsvNoteFromPatron": "Purpose: 家庭用餐",
      "rsvNote": "-",
      "rsvTags": "-",
      "guestTags": "-",
      "state": "已入座",
      "source": "google",
      "transferredFromWaitlist": "否",
      "contactName": "-",
      "contactEmail": "-",
      "contactPhoneNumber": "-",
      "createdTime": "2025/08/05 12:11",
      "updatedTime": "2025/08/06 12:23"
    },
    {
      "rsvTime": "2025/08/06 13:00",
      "diningPeriod": "早午餐",
      "partonName": "集思-淑清 小姐",
      "phoneNumber": "+886920333177",
      "email": "-",
      "adults": "30",
      "kids": "0",
      "highchairs": "0",
      "table": "B and B1",
      "deposit": "-",
      "preOrder": "-",
      "rsvNoteFromPatron": "-",
      "rsvNote": "7/17去電確認未得標，故取消場地。angel 5/29 半日會議，已經報價 壓場地 恩如",
      "rsvTags": "-",
      "guestTags": "-",
      "state": "餐廳取消",
      "source": "host",
      "transferredFromWaitlist": "否",
      "contactName": "-",
      "contactEmail": "-",
      "contactPhoneNumber": "-",
      "createdTime": "2025/05/29 13:51",
      "updatedTime": "2025/07/17 11:52"
    },
    {
      "rsvTime": "2025/08/06 15:00",
      "diningPeriod": "早午餐",
      "partonName": "宏祥旅行社-DOLL0842-李佳玲 小姐",
      "phoneNumber": "+886225635313",
      "email": "-",
      "adults": "30",
      "kids": "0",
      "highchairs": "0",
      "table": "B and B1",
      "deposit": "-",
      "preOrder": "-",
      "rsvNoteFromPatron": "-",
      "rsvNote": "7/29已付過訂金$21000元（訂金單號#013040），訂金入在8/7，今日會議+明日晚宴統一結帳。angel 0729 @已下會議 1100net*32 / lala 7/17確認團，DOLL-0842，30人會議+晚宴，宏祥TA-李佳玲02-25635313*105。細節待確。angel",
      "rsvTags": "-",
      "guestTags": "-",
      "state": "未入座",
      "source": "host",
      "transferredFromWaitlist": "否",
      "contactName": "-",
      "contactEmail": "-",
      "contactPhoneNumber": "-",
      "createdTime": "2025/07/17 12:03",
      "updatedTime": "2025/07/17 12:03"
    },
    {
      "rsvTime": "2025/08/06 16:00",
      "diningPeriod": "晚餐",
      "partonName": "珍遊天下TA-洪總 小姐",
      "phoneNumber": "+886926788366",
      "email": "-",
      "adults": "30",
      "kids": "0",
      "highchairs": "0",
      "table": "B and B1",
      "deposit": "-",
      "preOrder": "-",
      "rsvNoteFromPatron": "-",
      "rsvNote": "5/29去電，國際線客人，改選其他國家。故取消case。angel 4/10預訂詢價，已給報價單，16：00-19：00會議，爭取晚餐，30人。待確angel",
      "rsvTags": "-",
      "guestTags": "-",
      "state": "餐廳取消",
      "source": "host",
      "transferredFromWaitlist": "否",
      "contactName": "-",
      "contactEmail": "-",
      "contactPhoneNumber": "-",
      "createdTime": "2025/04/10 14:51",
      "updatedTime": "2025/05/29 13:49"
    },
    {
      "rsvTime": "2025/08/06 17:30",
      "diningPeriod": "晚餐",
      "partonName": "陳一榮 先生",
      "phoneNumber": "+886936123322",
      "email": "irchern@yahoo.com.tw",
      "adults": "2",
      "kids": "0",
      "highchairs": "0",
      "table": "A3",
      "deposit": "-",
      "preOrder": "-",
      "rsvNoteFromPatron": "Purpose: 朋友聚餐 Notes: 無",
      "rsvNote": "-",
      "rsvTags": "-",
      "guestTags": "-",
      "state": "已入座",
      "source": "google",
      "transferredFromWaitlist": "否",
      "contactName": "-",
      "contactEmail": "-",
      "contactPhoneNumber": "-",
      "createdTime": "2025/08/05 14:00",
      "updatedTime": "2025/08/06 17:41"
    },
    {
      "rsvTime": "2025/08/06 18:00",
      "diningPeriod": "晚餐",
      "partonName": "孫中屏-壽宴 小姐",
      "phoneNumber": "+886920622578",
      "email": "-",
      "adults": "16",
      "kids": "0",
      "highchairs": "0",
      "table": "滬",
      "deposit": "-",
      "preOrder": "-",
      "rsvNoteFromPatron": "-",
      "rsvNote": "5/20來電詢價，已加line，已給菜單，8/6。7二天擇一，日期菜單待確。angel",
      "rsvTags": "-",
      "guestTags": "-",
      "state": "餐廳取消",
      "source": "host",
      "transferredFromWaitlist": "否",
      "contactName": "-",
      "contactEmail": "-",
      "contactPhoneNumber": "-",
      "createdTime": "2025/05/20 13:39",
      "updatedTime": "2025/07/25 17:55"
    },
    {
      "rsvTime": "2025/08/06 18:00",
      "diningPeriod": "晚餐",
      "partonName": "同心獅子會-謝淮辰 先生",
      "phoneNumber": "+886913318152",
      "email": "-",
      "adults": "15",
      "kids": "0",
      "highchairs": "0",
      "table": "滬",
      "deposit": "-",
      "preOrder": "-",
      "rsvNoteFromPatron": "-",
      "rsvNote": "0728 @已下eo 已做電子看版 / 另配900NET*15 免開瓶/ LALA 0728 @已付訂 NO.013032 NT4000 / lala 7/15加line，14-15位，同心獅子會月例會，主席桌，9000元/桌，菜單待確。angel",
      "rsvTags": "-",
      "guestTags": "-",
      "state": "未入座",
      "source": "host",
      "transferredFromWaitlist": "否",
      "contactName": "-",
      "contactEmail": "-",
      "contactPhoneNumber": "-",
      "createdTime": "2025/07/15 14:58",
      "updatedTime": "2025/07/15 14:58"
    },
    {
      "rsvTime": "2025/08/06 18:00",
      "diningPeriod": "晚餐",
      "partonName": "孫瑋 先生",
      "phoneNumber": "+886989664688",
      "email": "-",
      "adults": "6",
      "kids": "0",
      "highchairs": "1",
      "table": "滙1",
      "deposit": "-",
      "preOrder": "-",
      "rsvNoteFromPatron": "-",
      "rsvNote": "8/3來電預訂，烤鴨+壽司-已劃鴨單，6大+一個嬰兒車的位置（不用兒童椅）。angel",
      "rsvTags": "-",
      "guestTags": "-",
      "state": "未入座",
      "source": "host",
      "transferredFromWaitlist": "否",
      "contactName": "-",
      "contactEmail": "-",
      "contactPhoneNumber": "-",
      "createdTime": "2025/08/03 11:05",
      "updatedTime": "2025/08/03 11:05"
    },
    {
      "rsvTime": "2025/08/06 18:45",
      "diningPeriod": "晚餐",
      "partonName": "誠芳股份有限公司-蕭元宏 先生",
      "phoneNumber": "+886975786706",
      "email": "-",
      "adults": "30",
      "kids": "0",
      "highchairs": "0",
      "table": "申, 浦1, 浦2",
      "deposit": "-",
      "preOrder": "-",
      "rsvNoteFromPatron": "-",
      "rsvNote": "0801 電子看板:誠芳食伯樂團隊聚餐 / lala 0801 @已下制式18800*3桌 烤鴨二吃*3 炒鴨架*3 / lala 0730 @已付訂 NO.013043 NT20,000 / lala 7/29來電，30-35位，公司聚餐，菜單待確。angel",
      "rsvTags": "-",
      "guestTags": "-",
      "state": "未入座",
      "source": "host",
      "transferredFromWaitlist": "否",
      "contactName": "-",
      "contactEmail": "-",
      "contactPhoneNumber": "-",
      "createdTime": "2025/07/29 19:45",
      "updatedTime": "2025/07/29 19:45"
    },
    {
      "rsvTime": "2025/08/06 19:15",
      "diningPeriod": "晚餐",
      "partonName": "LiuEmma 小姐",
      "phoneNumber": "+886939391016",
      "email": "emmaliu2011@gmail.com",
      "adults": "6",
      "kids": "0",
      "highchairs": "0",
      "table": "滙2",
      "deposit": "-",
      "preOrder": "-",
      "rsvNoteFromPatron": "-",
      "rsvNote": "0731 @已下預定烤鴨*1 鴨架鴨粥壽司 / lala 0730 知烤鴨三天前預訂 / lala",
      "rsvTags": "-",
      "guestTags": "-",
      "state": "客人保留",
      "source": "google-reserve",
      "transferredFromWaitlist": "否",
      "contactName": "-",
      "contactEmail": "-",
      "contactPhoneNumber": "-",
      "createdTime": "2025/07/16 6:43",
      "updatedTime": "2025/08/05 10:14"
    },
    {
      "rsvTime": "2025/08/07 12:00",
      "diningPeriod": "早午餐",
      "partonName": "陳玉菁 小姐",
      "phoneNumber": "+886920847028",
      "email": "nancy120003@gmail.com",
      "adults": "5",
      "kids": "0",
      "highchairs": "0",
      "table": "B6",
      "deposit": "-",
      "preOrder": "-",
      "rsvNoteFromPatron": "-",
      "rsvNote": "0804 已回撥，已確認不訂鴨，已提醒客人可提前來電預點餐點/沛宜 0804 要確認訂位，客請飯店11:30回撥給她 / 沛宜 0801 要確認訂位 未接 / 沛宜",
      "rsvTags": "-",
      "guestTags": "-",
      "state": "已通知",
      "source": "google-reserve",
      "transferredFromWaitlist": "否",
      "contactName": "-",
      "contactEmail": "-",
      "contactPhoneNumber": "-",
      "createdTime": "2025/07/31 13:20",
      "updatedTime": "2025/07/31 13:20"
    },
    {
      "rsvTime": "2025/08/07 12:30",
      "diningPeriod": "早午餐",
      "partonName": "翁 玉佳 小姐",
      "phoneNumber": "+886938526223",
      "email": "-",
      "adults": "2",
      "kids": "1",
      "highchairs": "0",
      "table": "A1, A2",
      "deposit": "-",
      "preOrder": "-",
      "rsvNoteFromPatron": "-",
      "rsvNote": "-",
      "rsvTags": "-",
      "guestTags": "-",
      "state": "客人取消",
      "source": "inline",
      "transferredFromWaitlist": "否",
      "contactName": "-",
      "contactEmail": "-",
      "contactPhoneNumber": "-",
      "createdTime": "2025/08/05 4:07",
      "updatedTime": "2025/08/06 10:49"
    },
    {
      "rsvTime": "2025/08/07 18:00",
      "diningPeriod": "晚餐",
      "partonName": "宏祥TA-DOLL-0842-李佳玲 小姐",
      "phoneNumber": "-",
      "email": "-",
      "adults": "31",
      "kids": "0",
      "highchairs": "0",
      "table": "申, 浦1, 浦2",
      "deposit": "-",
      "preOrder": "-",
      "rsvNoteFromPatron": "-",
      "rsvNote": "0806 客自備名卡/人數改31菜量不變飲料現場找黃領隊結帳 / 現場會點啤酒or可樂雪碧/ 訂金單號013040 NT21000 / lala 0729 @已下另配桌菜10800NET *3桌 素套1080*2 /LALA 7/17確認 8/6會議（B1）+8/7晚宴（2F），10800+10%*3桌。angel",
      "rsvTags": "-",
      "guestTags": "-",
      "state": "未入座",
      "source": "host",
      "transferredFromWaitlist": "否",
      "contactName": "-",
      "contactEmail": "-",
      "contactPhoneNumber": "-",
      "createdTime": "2025/07/17 18:12",
      "updatedTime": "2025/07/17 18:12"
    },
    {
      "rsvTime": "2025/08/07 18:00",
      "diningPeriod": "晚餐",
      "partonName": "黃安捷 先生",
      "phoneNumber": "+886911866086",
      "email": "-",
      "adults": "6",
      "kids": "0",
      "highchairs": "0",
      "table": "滙1",
      "deposit": "-",
      "preOrder": "-",
      "rsvNoteFromPatron": "-",
      "rsvNote": "0804 @已下個人套餐2000*4 / 宴請日本人 / lala 7/28來電，已加line，聯絡人Ivon蘇小姐0911866086，菜單待確。angel",
      "rsvTags": "-",
      "guestTags": "-",
      "state": "餐廳取消",
      "source": "host",
      "transferredFromWaitlist": "否",
      "contactName": "-",
      "contactEmail": "-",
      "contactPhoneNumber": "-",
      "createdTime": "2025/07/28 18:35",
      "updatedTime": "2025/08/05 10:20"
    },
    {
      "rsvTime": "2025/08/07 18:00",
      "diningPeriod": "晚餐",
      "partonName": "Tina左小姐",
      "phoneNumber": "+886937737433",
      "email": "-",
      "adults": "7",
      "kids": "0",
      "highchairs": "2",
      "table": "滙1",
      "deposit": "-",
      "preOrder": "-",
      "rsvNoteFromPatron": "-",
      "rsvNote": "8/5來電預訂，想要包廂，已傳菜單。angel",
      "rsvTags": "-",
      "guestTags": "-",
      "state": "未入座",
      "source": "host",
      "transferredFromWaitlist": "否",
      "contactName": "-",
      "contactEmail": "-",
      "contactPhoneNumber": "-",
      "createdTime": "2025/08/05 18:27",
      "updatedTime": "2025/08/05 18:27"
    },
    {
      "rsvTime": "2025/08/07 18:00",
      "diningPeriod": "晚餐",
      "partonName": "傅安華 小姐",
      "phoneNumber": "+886919348421",
      "email": "-",
      "adults": "6",
      "kids": "2",
      "highchairs": "0",
      "table": "A8",
      "deposit": "-",
      "preOrder": "-",
      "rsvNoteFromPatron": "Purpose: 家庭用餐",
      "rsvNote": "0806 知烤鴨三天前預訂 已知現在沒有烤鴨可預訂 若現場有取消烤鴨再給小姐 / lala 0806 要確認訂位 未接 / lala",
      "rsvTags": "-",
      "guestTags": "-",
      "state": "已通知",
      "source": "inline",
      "transferredFromWaitlist": "否",
      "contactName": "-",
      "contactEmail": "-",
      "contactPhoneNumber": "-",
      "createdTime": "2025/08/06 1:31",
      "updatedTime": "2025/08/06 1:31"
    },
    {
      "rsvTime": "2025/08/07 18:30",
      "diningPeriod": "晚餐",
      "partonName": "李 小姐",
      "phoneNumber": "+886918992098",
      "email": "-",
      "adults": "2",
      "kids": "0",
      "highchairs": "0",
      "table": "A3",
      "deposit": "-",
      "preOrder": "-",
      "rsvNoteFromPatron": "Purpose: Birthday,Date",
      "rsvNote": "-",
      "rsvTags": "-",
      "guestTags": "-",
      "state": "客人取消",
      "source": "google",
      "transferredFromWaitlist": "否",
      "contactName": "-",
      "contactEmail": "-",
      "contactPhoneNumber": "-",
      "createdTime": "2025/07/28 12:24",
      "updatedTime": "2025/07/28 18:03"
    },
    {
      "rsvTime": "2025/08/07 18:30",
      "diningPeriod": "晚餐",
      "partonName": "陳正元 先生",
      "phoneNumber": "+886921950531",
      "email": "f7945623@gmail.com",
      "adults": "6",
      "kids": "0",
      "highchairs": "0",
      "table": "B6",
      "deposit": "-",
      "preOrder": "-",
      "rsvNoteFromPatron": "Purpose: 慶生",
      "rsvNote": "0804 要確認訂位 未接 / 沛宜 0801 要確認訂位 未接 / 沛宜",
      "rsvTags": "-",
      "guestTags": "-",
      "state": "客人取消",
      "source": "google",
      "transferredFromWaitlist": "否",
      "contactName": "-",
      "contactEmail": "-",
      "contactPhoneNumber": "-",
      "createdTime": "2025/07/30 14:37",
      "updatedTime": "2025/08/06 10:49"
    },
    {
      "rsvTime": "2025/08/07 18:30",
      "diningPeriod": "晚餐",
      "partonName": "吳中天 先生",
      "phoneNumber": "+886913506640",
      "email": "-",
      "adults": "6",
      "kids": "0",
      "highchairs": "1",
      "table": "滙2",
      "deposit": "-",
      "preOrder": "-",
      "rsvNoteFromPatron": "-",
      "rsvNote": "0804 @已下烤鴨6人餐 / lala",
      "rsvTags": "-",
      "guestTags": "-",
      "state": "已通知",
      "source": "host",
      "transferredFromWaitlist": "否",
      "contactName": "-",
      "contactEmail": "-",
      "contactPhoneNumber": "-",
      "createdTime": "2025/08/04 17:57",
      "updatedTime": "2025/08/04 17:57"
    },
    {
      "rsvTime": "2025/08/08 9:00",
      "diningPeriod": "早午餐",
      "partonName": "Nita Nitnotz 小姐",
      "phoneNumber": "-",
      "email": "-",
      "adults": "7",
      "kids": "0",
      "highchairs": "0",
      "table": "視聽室",
      "deposit": "-",
      "preOrder": "-",
      "rsvNoteFromPatron": "-",
      "rsvNote": "0805 報價1h2000 贈送咖啡茶 / lala 0801 用賴訂位外國人 尚未報價 / 使用時間9-17不含餐 / lala",
      "rsvTags": "-",
      "guestTags": "-",
      "state": "未入座",
      "source": "host",
      "transferredFromWaitlist": "否",
      "contactName": "-",
      "contactEmail": "-",
      "contactPhoneNumber": "-",
      "createdTime": "2025/08/01 19:00",
      "updatedTime": "2025/08/01 19:00"
    },
    {
      "rsvTime": "2025/08/08 12:00",
      "diningPeriod": "早午餐",
      "partonName": "周經凱 先生",
      "phoneNumber": "+886929085215",
      "email": "-",
      "adults": "16",
      "kids": "0",
      "highchairs": "0",
      "table": "滬",
      "deposit": "-",
      "preOrder": "-",
      "rsvNoteFromPatron": "-",
      "rsvNote": "0801 @已下另配18800*1桌加人加量*6位 /統編:聯廣廣告股份有限公司11330555 / @已做電子看版:聯廣 & 2008媒體餐敘 / lala 0801 @訂金單號NO.013046 NT10000 / lala 0730 要確認訂位 未接 / lala 要先看菜單再決定否需要包廂......Jay 07/10",
      "rsvTags": "-",
      "guestTags": "-",
      "state": "未入座",
      "source": "host",
      "transferredFromWaitlist": "否",
      "contactName": "-",
      "contactEmail": "-",
      "contactPhoneNumber": "-",
      "createdTime": "2025/07/10 12:58",
      "updatedTime": "2025/07/10 12:58"
    },
    {
      "rsvTime": "2025/08/08 12:00",
      "diningPeriod": "早午餐",
      "partonName": "翁國欽 先生",
      "phoneNumber": "+886935056178",
      "email": "wengkc62@gmail.com",
      "adults": "8",
      "kids": "0",
      "highchairs": "0",
      "table": "A8",
      "deposit": "-",
      "preOrder": "-",
      "rsvNoteFromPatron": "Purpose: 家庭用餐",
      "rsvNote": "0805 來電預定烤鴨二吃(炒鴨架)-已劃單 / 沛宜 0805 要確認訂位 未接 / lala 0804 未接已傳簡訊 / lala 0804 要確認訂位 未接 / 沛宜 0801 要確認訂位 未接 / lala 0730 要確認訂位 未接 / lala",
      "rsvTags": "-",
      "guestTags": "-",
      "state": "未入座",
      "source": "inline",
      "transferredFromWaitlist": "否",
      "contactName": "-",
      "contactEmail": "-",
      "contactPhoneNumber": "-",
      "createdTime": "2025/07/18 19:16",
      "updatedTime": "2025/07/18 19:16"
    },
    {
      "rsvTime": "2025/08/08 12:00",
      "diningPeriod": "早午餐",
      "partonName": "WangAlex",
      "phoneNumber": "+17788816838",
      "email": "alexw3746@gmail.com",
      "adults": "8",
      "kids": "0",
      "highchairs": "0",
      "table": "滙1",
      "deposit": "-",
      "preOrder": "-",
      "rsvNoteFromPatron": "occasion: Anniversary",
      "rsvNote": "-",
      "rsvTags": "-",
      "guestTags": "-",
      "state": "客人取消",
      "source": "opentable",
      "transferredFromWaitlist": "否",
      "contactName": "-",
      "contactEmail": "-",
      "contactPhoneNumber": "-",
      "createdTime": "2025/08/03 8:12",
      "updatedTime": "2025/08/04 14:23"
    },
    {
      "rsvTime": "2025/08/08 12:00",
      "diningPeriod": "早午餐",
      "partonName": "NASH-林孟音-招待",
      "phoneNumber": "-",
      "email": "-",
      "adults": "5",
      "kids": "0",
      "highchairs": "0",
      "table": "B6",
      "deposit": "-",
      "preOrder": "-",
      "rsvNoteFromPatron": "-",
      "rsvNote": "0804 By:Nash副總監，有附上ENT單，預定四人烤鴨餐-已劃單 / 沛宜",
      "rsvTags": "-",
      "guestTags": "-",
      "state": "未入座",
      "source": "host",
      "transferredFromWaitlist": "否",
      "contactName": "-",
      "contactEmail": "-",
      "contactPhoneNumber": "-",
      "createdTime": "2025/08/04 18:10",
      "updatedTime": "2025/08/04 18:10"
    },
    {
      "rsvTime": "2025/08/08 12:00",
      "diningPeriod": "早午餐",
      "partonName": "秀傳醫院-周 小姐",
      "phoneNumber": "+886975618282",
      "email": "-",
      "adults": "4",
      "kids": "0",
      "highchairs": "0",
      "table": "A3, A5",
      "deposit": "-",
      "preOrder": "-",
      "rsvNoteFromPatron": "-",
      "rsvNote": "0806 來電預定，知烤鴨三天前預訂，/ 沛宜",
      "rsvTags": "-",
      "guestTags": "-",
      "state": "餐廳取消",
      "source": "host",
      "transferredFromWaitlist": "否",
      "contactName": "-",
      "contactEmail": "-",
      "contactPhoneNumber": "-",
      "createdTime": "2025/08/06 10:53",
      "updatedTime": "2025/08/06 15:13"
    },
    {
      "rsvTime": "2025/08/08 12:15",
      "diningPeriod": "早午餐",
      "partonName": "張伯瑋 先生",
      "phoneNumber": "+886928263276",
      "email": "noreg0118262@yahoo.com.tw",
      "adults": "4",
      "kids": "0",
      "highchairs": "0",
      "table": "A1, A2",
      "deposit": "-",
      "preOrder": "-",
      "rsvNoteFromPatron": "-",
      "rsvNote": "0806電話確定。Leo 0804要確認訂位 未接 / 沛宜",
      "rsvTags": "-",
      "guestTags": "-",
      "state": "未入座",
      "source": "google-reserve",
      "transferredFromWaitlist": "否",
      "contactName": "-",
      "contactEmail": "-",
      "contactPhoneNumber": "-",
      "createdTime": "2025/07/21 4:33",
      "updatedTime": "2025/07/21 4:33"
    },
    {
      "rsvTime": "2025/08/08 12:30",
      "diningPeriod": "早午餐",
      "partonName": "陳以文 先生",
      "phoneNumber": "+886932152149",
      "email": "evenchen1218@gmail.com",
      "adults": "2",
      "kids": "0",
      "highchairs": "0",
      "table": "A3",
      "deposit": "-",
      "preOrder": "-",
      "rsvNoteFromPatron": "Purpose: 約會",
      "rsvNote": "-",
      "rsvTags": "-",
      "guestTags": "-",
      "state": "客人取消",
      "source": "inline",
      "transferredFromWaitlist": "否",
      "contactName": "-",
      "contactEmail": "-",
      "contactPhoneNumber": "-",
      "createdTime": "2025/07/26 10:48",
      "updatedTime": "2025/07/28 14:30"
    },
    {
      "rsvTime": "2025/08/08 12:30",
      "diningPeriod": "早午餐",
      "partonName": "林佳鈺 小姐",
      "phoneNumber": "+886911609927",
      "email": "Joycelin19921128@gmail.com",
      "adults": "4",
      "kids": "0",
      "highchairs": "0",
      "table": "B1, B2",
      "deposit": "-",
      "preOrder": "-",
      "rsvNoteFromPatron": "-",
      "rsvNote": "0805 @已下烤鴨 lala 0804 預訂烤鴨四人餐 / lala 0804要確認訂位 未接 / 沛宜",
      "rsvTags": "-",
      "guestTags": "-",
      "state": "未入座",
      "source": "google-reserve",
      "transferredFromWaitlist": "否",
      "contactName": "-",
      "contactEmail": "-",
      "contactPhoneNumber": "-",
      "createdTime": "2025/07/31 15:30",
      "updatedTime": "2025/07/31 15:30"
    },
    {
      "rsvTime": "2025/08/08 17:45",
      "diningPeriod": "晚餐",
      "partonName": "LIUWEI PENG",
      "phoneNumber": "+886968899175",
      "email": "wliu720118@gmail.com",
      "adults": "4",
      "kids": "0",
      "highchairs": "0",
      "table": "B1, B2",
      "deposit": "-",
      "preOrder": "-",
      "rsvNoteFromPatron": "-",
      "rsvNote": "0805 要確認訂位 未接 / lala 0804要確認訂位 未接 / 沛宜",
      "rsvTags": "-",
      "guestTags": "-",
      "state": "未入座",
      "source": "google-reserve",
      "transferredFromWaitlist": "否",
      "contactName": "-",
      "contactEmail": "-",
      "contactPhoneNumber": "-",
      "createdTime": "2025/07/16 23:29",
      "updatedTime": "2025/07/16 23:29"
    },
    {
      "rsvTime": "2025/08/08 18:00",
      "diningPeriod": "晚餐",
      "partonName": "陳禹竹 小姐",
      "phoneNumber": "+886986550509",
      "email": "-",
      "adults": "10",
      "kids": "0",
      "highchairs": "1",
      "table": "浦1",
      "deposit": "-",
      "preOrder": "-",
      "rsvNoteFromPatron": "-",
      "rsvNote": "8/3來電預訂，半開放式包廂，免低消，已加line。angel",
      "rsvTags": "-",
      "guestTags": "-",
      "state": "餐廳取消",
      "source": "host",
      "transferredFromWaitlist": "否",
      "contactName": "-",
      "contactEmail": "-",
      "contactPhoneNumber": "-",
      "createdTime": "2025/08/03 18:36",
      "updatedTime": "2025/08/04 18:02"
    },
    {
      "rsvTime": "2025/08/08 18:30",
      "diningPeriod": "晚餐",
      "partonName": "周欣瑩 小姐",
      "phoneNumber": "+886917228725",
      "email": "-",
      "adults": "14",
      "kids": "0",
      "highchairs": "0",
      "table": "滬",
      "deposit": "-",
      "preOrder": "-",
      "rsvNoteFromPatron": "-",
      "rsvNote": "0804 @已下單點EO 烤鴨鴨壽司 /電子看板:周小姐父親節家宴 / lala 0721 @已下烤鴨*1 /lala 6/29來電，預訂包*12人-已告知低消15000元，菜單待確。angel",
      "rsvTags": "-",
      "guestTags": "-",
      "state": "未入座",
      "source": "host",
      "transferredFromWaitlist": "否",
      "contactName": "-",
      "contactEmail": "-",
      "contactPhoneNumber": "-",
      "createdTime": "2025/06/30 11:12",
      "updatedTime": "2025/06/30 11:12"
    },
    {
      "rsvTime": "2025/08/08 18:30",
      "diningPeriod": "晚餐",
      "partonName": "ChiangAlbert",
      "phoneNumber": "+886934325668",
      "email": "albertxsara@gmail.com",
      "adults": "4",
      "kids": "0",
      "highchairs": "0",
      "table": "A1, A2",
      "deposit": "-",
      "preOrder": "-",
      "rsvNoteFromPatron": "-",
      "rsvNote": "0804 要確認訂位 未接 號碼是空號 / lala",
      "rsvTags": "-",
      "guestTags": "-",
      "state": "未入座",
      "source": "google-reserve",
      "transferredFromWaitlist": "否",
      "contactName": "-",
      "contactEmail": "-",
      "contactPhoneNumber": "-",
      "createdTime": "2025/07/24 13:35",
      "updatedTime": "2025/07/24 13:35"
    },
    {
      "rsvTime": "2025/08/08 18:30",
      "diningPeriod": "晚餐",
      "partonName": "梁姿嫻 小姐",
      "phoneNumber": "+886910167916",
      "email": "-",
      "adults": "13",
      "kids": "0",
      "highchairs": "0",
      "table": "申",
      "deposit": "-",
      "preOrder": "-",
      "rsvNoteFromPatron": "-",
      "rsvNote": "0805 電子看板:梁府&曾府父親節晚宴 / lala 0804 @已下單點EO烤鴨*1鴨壽司 / 已告知預訂的菜色不能退/ lala 8/4已加Line，詢問菜量，未決定菜色，已告知先預點，座位12大+一張輪椅的空間。angel 0801 知低銷15000 / 知烤鴨三天前預訂 / lala",
      "rsvTags": "-",
      "guestTags": "-",
      "state": "未入座",
      "source": "host",
      "transferredFromWaitlist": "否",
      "contactName": "-",
      "contactEmail": "-",
      "contactPhoneNumber": "-",
      "createdTime": "2025/08/01 13:24",
      "updatedTime": "2025/08/01 13:24"
    },
    {
      "rsvTime": "2025/08/08 18:30",
      "diningPeriod": "晚餐",
      "partonName": "古尚倫 先生",
      "phoneNumber": "+886975286166",
      "email": "-",
      "adults": "4",
      "kids": "0",
      "highchairs": "0",
      "table": "A3, A5",
      "deposit": "-",
      "preOrder": "-",
      "rsvNoteFromPatron": "-",
      "rsvNote": "0804 @已下烤鴨 lala 烤鴨二吃+上海菜飯......Jay 08/02",
      "rsvTags": "-",
      "guestTags": "-",
      "state": "未入座",
      "source": "host",
      "transferredFromWaitlist": "否",
      "contactName": "-",
      "contactEmail": "-",
      "contactPhoneNumber": "-",
      "createdTime": "2025/08/02 18:44",
      "updatedTime": "2025/08/02 18:44"
    },
    {
      "rsvTime": "2025/08/08 18:30",
      "diningPeriod": "晚餐",
      "partonName": "陳文彥 小姐",
      "phoneNumber": "+886939778229",
      "email": "ven0915@gmail.com",
      "adults": "8",
      "kids": "0",
      "highchairs": "0",
      "table": "滙2",
      "deposit": "-",
      "preOrder": "-",
      "rsvNoteFromPatron": "Purpose: 家庭用餐 Notes: 預訂烤鴨",
      "rsvNote": "-",
      "rsvTags": "-",
      "guestTags": "-",
      "state": "客人取消",
      "source": "google",
      "transferredFromWaitlist": "否",
      "contactName": "-",
      "contactEmail": "-",
      "contactPhoneNumber": "-",
      "createdTime": "2025/08/04 20:53",
      "updatedTime": "2025/08/05 11:30"
    },
    {
      "rsvTime": "2025/08/08 19:00",
      "diningPeriod": "晚餐",
      "partonName": "WinnieLee 小姐",
      "phoneNumber": "+85291714171",
      "email": "winnieorange85@gmail.com",
      "adults": "5",
      "kids": "0",
      "highchairs": "0",
      "table": "B6",
      "deposit": "-",
      "preOrder": "-",
      "rsvNoteFromPatron": "Purpose: 朋友聚餐",
      "rsvNote": "0806 請人代訂，外國人預計8/8入住客房 / 沛宜",
      "rsvTags": "-",
      "guestTags": "-",
      "state": "未入座",
      "source": "inline",
      "transferredFromWaitlist": "否",
      "contactName": "-",
      "contactEmail": "-",
      "contactPhoneNumber": "-",
      "createdTime": "2025/07/20 14:49",
      "updatedTime": "2025/07/20 14:49"
    },
    {
      "rsvTime": "2025/08/08 19:00",
      "diningPeriod": "晚餐",
      "partonName": "吳涓寧 小姐",
      "phoneNumber": "+886955809729",
      "email": "rm07010704@gmail.com",
      "adults": "6",
      "kids": "0",
      "highchairs": "0",
      "table": "A8",
      "deposit": "-",
      "preOrder": "-",
      "rsvNoteFromPatron": "Purpose: 家庭用餐",
      "rsvNote": "0804 @已畫鴨單 lala 0801 預訂6人烤鴨特餐*1 / lala",
      "rsvTags": "-",
      "guestTags": "-",
      "state": "未入座",
      "source": "google",
      "transferredFromWaitlist": "否",
      "contactName": "-",
      "contactEmail": "-",
      "contactPhoneNumber": "-",
      "createdTime": "2025/07/31 12:45",
      "updatedTime": "2025/07/31 12:45"
    },
    {
      "rsvTime": "2025/08/08 19:00",
      "diningPeriod": "晚餐",
      "partonName": "蔡 小姐",
      "phoneNumber": "+886983533719",
      "email": "-",
      "adults": "6",
      "kids": "0",
      "highchairs": "2",
      "table": "滙2",
      "deposit": "-",
      "preOrder": "-",
      "rsvNoteFromPatron": "-",
      "rsvNote": "0804 @已下烤鴨 / lala 0804 確認預定烤鴨二吃(現點)，未劃鴨單，確認無需包廂 / 沛宜",
      "rsvTags": "-",
      "guestTags": "-",
      "state": "未入座",
      "source": "inline",
      "transferredFromWaitlist": "否",
      "contactName": "-",
      "contactEmail": "-",
      "contactPhoneNumber": "-",
      "createdTime": "2025/08/01 23:37",
      "updatedTime": "2025/08/01 23:37"
    },
    {
      "rsvTime": "2025/08/08 19:00",
      "diningPeriod": "晚餐",
      "partonName": "俞仲康 先生",
      "phoneNumber": "+886980503386",
      "email": "-",
      "adults": "7",
      "kids": "0",
      "highchairs": "1",
      "table": "滙1",
      "deposit": "-",
      "preOrder": "-",
      "rsvNoteFromPatron": "-",
      "rsvNote": "0804 @已下烤鴨二吃*1 鴨壽司 / lala",
      "rsvTags": "-",
      "guestTags": "-",
      "state": "未入座",
      "source": "host",
      "transferredFromWaitlist": "否",
      "contactName": "-",
      "contactEmail": "-",
      "contactPhoneNumber": "-",
      "createdTime": "2025/08/04 12:11",
      "updatedTime": "2025/08/04 12:11"
    },
    {
      "rsvTime": "2025/08/08 19:00",
      "diningPeriod": "晚餐",
      "partonName": "蘇 先生",
      "phoneNumber": "+886952519917",
      "email": "-",
      "adults": "4",
      "kids": "0",
      "highchairs": "0",
      "table": "B3, B5",
      "deposit": "-",
      "preOrder": "-",
      "rsvNoteFromPatron": "-",
      "rsvNote": "0805 知烤鴨三天前預訂 / lala",
      "rsvTags": "-",
      "guestTags": "-",
      "state": "未入座",
      "source": "host",
      "transferredFromWaitlist": "否",
      "contactName": "-",
      "contactEmail": "-",
      "contactPhoneNumber": "-",
      "createdTime": "2025/08/05 11:32",
      "updatedTime": "2025/08/05 11:32"
    },
    {
      "rsvTime": "2025/08/08 19:30",
      "diningPeriod": "晚餐",
      "partonName": "余俊姝",
      "phoneNumber": "+886928123541",
      "email": "susan.csyu@gmail.com",
      "adults": "3",
      "kids": "0",
      "highchairs": "0",
      "table": "B1, B2",
      "deposit": "-",
      "preOrder": "-",
      "rsvNoteFromPatron": "-",
      "rsvNote": "-",
      "rsvTags": "-",
      "guestTags": "-",
      "state": "客人取消",
      "source": "google-reserve",
      "transferredFromWaitlist": "否",
      "contactName": "-",
      "contactEmail": "-",
      "contactPhoneNumber": "-",
      "createdTime": "2025/07/25 10:16",
      "updatedTime": "2025/07/28 14:30"
    }
  ]
}